Workbook

Sheet Plan
E2: Roles
E3: Lider Tecnico | F3: Desarrollador Full-stack | G3: Analista | H3: Ingeniero QA
C4: Salario Mensual | E4: 3200000 | F4: 2500000 | G4: 2200000 | H4: 2200000
C5: Cantidad | E5: 1 | F5: 2 | G5: 1 | H5: 1
C6: Participacion | E6: 0.7 | F6: 0.8 | G6: 0.5 | H6: 0.5
C7: Fases | D7: Iteraciones
B8: 1 | C8: Inicio | D8: 1 | E8: 1 | G8: 1 | H8: 1
C9: Backlog HU
C10: CU nivel 0 - Plan
B11: 2 | C11: Elaboracion | D11: 3 | E11: 3 | F11: 2 | G11: 3 | H11: 2
C12: CU nivel 1 - Esp. Req
C13: Modelo Diseño / ADRs
C14: Prototipos
B15: 3 | C15: Construccion | D15: 6 | E15: 4 | F15: 6 | G15: 3 | H15: 4
C16: Impl. Modulos
C17: Pruebas - Mejoro proto
C18: Eval. Arq
B19: 4 | C19: Transicion | D19: 2 | E19: 2 | F19: 2 | G19: 1 | H19: 2
C20: Pruebas carga y QAS
C21: Despliegue
C22: Documentacion
C24: 1 iteracion = 15 dias | D24: =D8+D11+D15+D19 -> 12 | E24: =E8+E11+E15+E19 -> 10 | F24: =F8+F11+F15+F19 -> 10 | G24: =G8+G11+G15+G19 -> 8 | H24: =H8+H11+H15+H19 -> 9
E25: =((E4*E24)/$D$33)*E5*E6 -> 11200000 | F25: =((F4*F24)/$D$33)*F5*F6 -> 20000000 | G25: =((G4*G24)/$D$33)*G5*G6 -> 4400000 | H25: =((H4*H24)/$D$33)*H5*H6 -> 4950000 | I25: =SUM(E25:H25) -> 40550000
D26: =D24/D33 -> 6 | H26: Imprevistos | I26: =I25*D35 -> 4055000
H28: Costos | I28: =I25+I26 -> 44605000
I29: Valor Final | J29: =I28*(1+D36) -> 55756250
I30: Valor Final USD | J30: =J29/D37 -> 17464.597
I31: Tope USD | J31: 20000
C32: Dias por iteracion | D32: 15
C33: Iteraciones por mes | D33: =30/D32 -> 2
C34: Duracion (meses) | D34: =D24/D33 -> 6
C35: Imprevistos (%) | D35: 0.1
C36: Utilidad (%) | D36: 0.25
C37: TRM (COP por USD) | D37: 3192.53 | E37: TRM del 22-sep-2026

Sheet Cronograma
B1: Fecha de inicio | D1: 46258
B2: Mes | C2: Iteracion | D2: Fase | E2: Inicio | F2: Fin | G2: Dias | H2: Actividades / artefactos
B3: 1 | C3: 1 | D3: Inicio | E3: =D1 -> 46258 | F3: =E3+Plan!$D$32-1 -> 46272 | G3: =F3-E3+1 -> 15 | H3: Vision, contexto del problema, stakeholders, backlog inicial de HU, seleccion del proceso y del stack.
B4: 1 | C4: 2 | D4: Elaboracion | E4: =F3+1 -> 46273 | F4: =E4+Plan!$D$32-1 -> 46287 | G4: =F4-E4+1 -> 15 | H4: Especificacion de requisitos ISO/IEC/IEEE 29148, casos de uso nivel 0 y 1, escenarios de calidad.
B5: 2 | C5: 3 | D5: Elaboracion | E5: =F4+1 -> 46288 | F5: =E5+Plan!$D$32-1 -> 46302 | G5: =F5-E5+1 -> 15 | H5: Alternativas arquitectonicas, tabla comparativa ponderada, ADRs.
B6: 2 | C6: 4 | D6: Elaboracion | E6: =F5+1 -> 46303 | F6: =E6+Plan!$D$32-1 -> 46317 | G6: =F6-E6+1 -> 15 | H6: Modelo de datos conceptual y logico, wireframes, spike de conectividad RNT.
B7: 3 | C7: 5 | D7: Construccion | E7: =F6+1 -> 46318 | F7: =E7+Plan!$D$32-1 -> 46332 | G7: =F7-E7+1 -> 15 | H7: Esqueleto hexagonal, persistencia, autenticacion y autorizacion por rol.
B8: 3 | C8: 6 | D8: Construccion | E8: =F7+1 -> 46333 | F8: =E8+Plan!$D$32-1 -> 46347 | G8: =F8-E8+1 -> 15 | H8: Catalogo de atractivos y servicios, busqueda y filtros.
B9: 4 | C9: 7 | D9: Construccion | E9: =F8+1 -> 46348 | F9: =E9+Plan!$D$32-1 -> 46362 | G9: =F9-E9+1 -> 15 | H9: Adaptador RNT (API SODA), registro y verificacion del prestador.
B10: 4 | C10: 8 | D10: Construccion | E10: =F9+1 -> 46363 | F10: =E10+Plan!$D$32-1 -> 46377 | G10: =F10-E10+1 -> 15 | H10: Ciclo de vida de la solicitud, cola del operador, vencimientos y notificaciones (flujo critico).
B11: 5 | C11: 9 | D11: Construccion | E11: =F10+1 -> 46378 | F11: =E11+Plan!$D$32-1 -> 46392 | G11: =F11-E11+1 -> 15 | H11: Integracion Wompi: checkout, webhook firmado y dispersion.
B12: 5 | C12: 10 | D12: Construccion | E12: =F11+1 -> 46393 | F12: =E12+Plan!$D$32-1 -> 46407 | G12: =F12-E12+1 -> 15 | H12: Modulo de IA desacoplado y dashboard de indicadores.
B13: 6 | C13: 11 | D13: Transicion | E13: =F12+1 -> 46408 | F13: =E13+Plan!$D$32-1 -> 46422 | G13: =F13-E13+1 -> 15 | H13: Evaluacion arquitectonica, pruebas de carga y de atributos de calidad.
B14: 6 | C14: 12 | D14: Transicion | E14: =F13+1 -> 46423 | F14: =E14+Plan!$D$32-1 -> 46437 | G14: =F14-E14+1 -> 15 | H14: Despliegue, documentacion final y sustentacion.
B15: Total | G15: =SUM(G3:G14) -> 180
